"metadata$Persistence.(Intercept)"	"metadata$Persistence.1 comps"	"metadata$Persistence.2 comps"	"metadata$Persistence.3 comps"	"metadata$Persistence.4 comps"	"metadata$Persistence.5 comps"	"metadata$Persistence.6 comps"	"metadata$Persistence.7 comps"	"metadata$Persistence.8 comps"	"metadata$Persistence.9 comps"	"metadata$Persistence.10 comps"	"metadata$Persistence.11 comps"	"metadata$Persistence.12 comps"	"metadata$Persistence.13 comps"	"metadata$Persistence.14 comps"	"metadata$Persistence.15 comps"	"metadata$Persistence.16 comps"	"metadata$Persistence.17 comps"	"metadata$Persistence.18 comps"
"CV"	16.6294170815903	15.4623237355472	14.544939064791	14.5098223292995	14.4866358697296	14.4702355435769	14.4637763093834	14.4605091344686	14.4587424732577	14.4569786174879	14.4550574523621	14.4523612113111	14.4510144546036	14.450869503767	14.4508469366152	14.4508405524162	14.450840023799	14.4508399933456	14.4509933360202
"adjCV"	16.6294170815903	15.462310995207	14.5449049050148	14.5097990288549	14.4866136012118	14.4702099398232	14.463749395851	14.4604832571828	14.4587171745261	14.4569518619953	14.4550329644656	14.4523336550227	14.4509875823179	14.4508421790696	14.4508195108526	14.450813012589	14.450812524213	14.4508124968749	14.4509014530119
