"metapreds$Persistence.(Intercept)"	"metapreds$Persistence.1 comps"	"metapreds$Persistence.2 comps"	"metapreds$Persistence.3 comps"	"metapreds$Persistence.4 comps"	"metapreds$Persistence.5 comps"	"metapreds$Persistence.6 comps"	"metapreds$Persistence.7 comps"	"metapreds$Persistence.8 comps"	"metapreds$Persistence.9 comps"	"metapreds$Persistence.10 comps"	"metapreds$Persistence.11 comps"	"metapreds$Persistence.12 comps"	"metapreds$Persistence.13 comps"	"metapreds$Persistence.14 comps"	"metapreds$Persistence.15 comps"	"metapreds$Persistence.16 comps"	"metapreds$Persistence.17 comps"	"metapreds$Persistence.18 comps"
"CV"	1.00000222222963	0.882772410512264	0.876406823867147	0.875696445728895	0.875432369839135	0.873753958330603	0.873217567491962	0.872977040944646	0.871481921032402	0.871193520643277	0.869752519734666	0.868656498923323	0.868327170417916	0.867650293367633	0.867483064803662	0.867398803482044	0.86739156504094	0.867389812491171	0.867373655467974
"adjCV"	1.00000222222963	0.882771667745683	0.876406118225021	0.875695625254285	0.875431495558113	0.87375186201233	0.873218245599995	0.872976311111821	0.871480198640722	0.871192091523197	0.869751119287962	0.868654614059845	0.868325379686501	0.867648231816226	0.867480836163937	0.867396087858825	0.867388603435283	0.867386973867883	0.867370290164753
