"metapreds$Persistence.(Intercept)"	"metapreds$Persistence.1 comps"	"metapreds$Persistence.2 comps"	"metapreds$Persistence.3 comps"	"metapreds$Persistence.4 comps"	"metapreds$Persistence.5 comps"	"metapreds$Persistence.6 comps"	"metapreds$Persistence.7 comps"	"metapreds$Persistence.8 comps"	"metapreds$Persistence.9 comps"	"metapreds$Persistence.10 comps"	"metapreds$Persistence.11 comps"	"metapreds$Persistence.12 comps"	"metapreds$Persistence.13 comps"	"metapreds$Persistence.14 comps"	"metapreds$Persistence.15 comps"	"metapreds$Persistence.16 comps"	"metapreds$Persistence.17 comps"	"metapreds$Persistence.18 comps"
"CV"	1.00000222222963	0.894341064603411	0.876198098801337	0.871116275840854	0.870267581645648	0.869776180951242	0.869485772595018	0.869193566932686	0.869054181953991	0.869014084498157	0.869002508841992	0.868998106211198	0.868997504957822	0.868997475751573	0.868997344888746	0.868997327461297	0.868997326592165	0.868997331405406	0.86899733099789
"adjCV"	1.00000222222963	0.894339053725005	0.876196736776538	0.871114952865639	0.870265810159087	0.869773480305182	0.869482455094241	0.86918987693821	0.869050739435339	0.86901084843888	0.868999281255688	0.868994929036904	0.868994371686731	0.868994340499221	0.868994219004881	0.868994203113659	0.86899420229342	0.868994206625438	0.868994206258677
