"metapreds$Persistence.(Intercept)"	"metapreds$Persistence.1 comps"	"metapreds$Persistence.2 comps"	"metapreds$Persistence.3 comps"	"metapreds$Persistence.4 comps"	"metapreds$Persistence.5 comps"	"metapreds$Persistence.6 comps"	"metapreds$Persistence.7 comps"	"metapreds$Persistence.8 comps"	"metapreds$Persistence.9 comps"	"metapreds$Persistence.10 comps"	"metapreds$Persistence.11 comps"	"metapreds$Persistence.12 comps"	"metapreds$Persistence.13 comps"	"metapreds$Persistence.14 comps"	"metapreds$Persistence.15 comps"	"metapreds$Persistence.16 comps"	"metapreds$Persistence.17 comps"	"metapreds$Persistence.18 comps"
"CV"	1.00000222222963	0.895475828086012	0.877148666091937	0.871522117182132	0.870326153189507	0.869832302119985	0.869532303303098	0.869256104708795	0.869127122199877	0.869042736099032	0.869022458925419	0.869016353349051	0.869016044897895	0.869016016270151	0.869015992840356	0.869015991433531	0.869015980824263	0.869015980204883	0.869015979300677
"adjCV"	1.00000222222963	0.89547286259076	0.877146611022458	0.871519530807261	0.870323199545748	0.869828505229022	0.869528087325765	0.869251721915045	0.869122814426461	0.869038521197829	0.869018383665644	0.869012240208168	0.869011938666978	0.869011908854307	0.869011886820555	0.869011885531197	0.86901187595682	0.869011875397752	0.869011874583595
