"metadata$Persistence.(Intercept)"	"metadata$Persistence.1 comps"	"metadata$Persistence.2 comps"	"metadata$Persistence.3 comps"	"metadata$Persistence.4 comps"	"metadata$Persistence.5 comps"	"metadata$Persistence.6 comps"	"metadata$Persistence.7 comps"	"metadata$Persistence.8 comps"	"metadata$Persistence.9 comps"	"metadata$Persistence.10 comps"	"metadata$Persistence.11 comps"	"metadata$Persistence.12 comps"	"metadata$Persistence.13 comps"	"metadata$Persistence.14 comps"	"metadata$Persistence.15 comps"	"metadata$Persistence.16 comps"	"metadata$Persistence.17 comps"	"metadata$Persistence.18 comps"
"CV"	16.6294170815903	15.4361885323528	14.5758916253983	14.5474959846294	14.5329138755514	14.5219716028497	14.5147122210371	14.5120514052592	14.5105990825345	14.5097817860302	14.5095101855117	14.5092811946468	14.5092136134271	14.5091540981205	14.5090962517246	14.5089732946099	14.5089549904591	14.5089502681108	14.5089505612974
"adjCV"	16.6294170815903	15.4361897206508	14.5758651682646	14.5474735713335	14.5328885989709	14.5219422122712	14.5146810695328	14.5120173166714	14.5105686389433	14.5097469699335	14.50947879986	14.5092500224684	14.5091811940012	14.5091221075541	14.5090635108623	14.5089401802665	14.5089221499957	14.5089175273495	14.5089177915301
